COc1cc(N=Nc2c(Cl)cc(cc2N(=O)=O)N(=O)=O)c(cc1N(Cc1ccccc1)CCOC(=O)C)NC(=O)C,6.108500000000006,584.9730000000003,41,3,12
COc1cc(/N=N/c2ccc(cc2[N+](=O)[O-])[N+](=O)[O-])c(cc1N(Cc1ccccc1)CCOC(=O)C)NC(=O)C,5.455100000000006,550.5280000000004,40,3,12
N#CCCN(c1ccc(c(c1)C)/N=N/c1nc2c(s1)cc(cc2)[N+](=O)[O-])CC,5.668300000000004,394.46000000000015,28,3,7
N#CCCN(c1ccc(cc1)/N=N/c1nc2c(s1)c(Cl)cc(c2)Cl)CC,6.758480000000003,404.3260000000002,26,3,6
N#CCCN(c1ccc(cc1)/N=N/c1sc2c(n1)cc(c(c2)Cl)Cl)CC,6.758480000000003,404.3260000000001,26,3,6
Oc1ccc(cc1)N=Nc1ccc(cc1)N=Nc1ccc(cc1)O,5.928600000000005,318.33600000000007,24,3,4
Clc1ccc(cc1)NC(=O)c1c(O)ccc2c1[nH]c1c2cccc1,4.932400000000002,336.778,24,4,2
OCCN(c1ccc(c(c1)Cl)/N=N/c1c(Cl)cc(cc1Cl)[N+](=O)[O-])CCO,4.761400000000003,433.6790000000002,27,2,8
N#CCCN(c1ccc(cc1)N=Nc1ncc(s1)N(=O)=O)CCc1ccccc1,5.429480000000004,406.4710000000002,29,3,9
COc1cc(ccc1/N=N/c1ccc(cc1)O)/N=N/c1ccc(cc1)[N+](=O)[O-],6.139800000000005,377.3600000000001,28,3,6
OCCN(S(=O)(=O)C(C(C(C(C(C(C(C(F)(F)F)(F)F)(F)F)(F)F)(F)F)(F)F)(F)F)(F)F)C,4.207200000000001,557.2219999999999,33,0,10
COc1cc(ccc1/N=N/C(C(=O)Nc1ccccc1C)C(=O)C)c1ccc(c(c1)OC)/N=N/C(C(=O)Nc1ccccc1C)C(=O)C,7.347640000000007,648.7200000000003,48,4,13
C[Si]1(O[Si](C)(C)O[Si](O[Si](O1)(C)C)(C)C)c1ccccc1,3.1510000000000016,358.69100000000003,21,1,1
ClC1CC2C(C1Cl)C1(C(C2(Cl)C(=C1Cl)Cl)(Cl)Cl)Cl,5.6828,409.7819999999999,18,0,0
CC(c1ccc(cc1)Oc1ccc(cc1)N)(c1ccc(cc1)Oc1ccc(cc1)N)C,6.761500000000004,410.51700000000017,31,4,6
OCCN(c1ccc(c(c1)Cl)/N=N/c1c(Cl)cc(cc1Br)[N+](=O)[O-])CCO,4.8705000000000025,478.1300000000002,27,2,8
n1ccc(cc1)C1=C2C=CC(=N2)C(=C2C=CC(=N2)C(=C2N=C(C(=C3N=C1C=C3)c1ccncc1)C=C2)c1ccncc1)c1ccncc1,7.268400000000008,616.6880000000001,48,4,4
N#CCCN(c1ccc(cc1)/N=N/c1ccc(cc1C#N)[N+](=O)[O-])CCc1ccccc1,5.8446600000000055,424.4640000000002,32,3,9
Cc1ccccc1/N=N/c1c(O)ccc2c1cccc2,5.269220000000004,262.312,20,3,2
Oc1ccc2c(c1N=Nc1cccc3c1cccc3)cccc2,6.114000000000004,298.345,23,4,2
CCCCCCC(=O)OCCN1CCN(CC1)CCCN1c2ccccc2Sc2c1cc(cc2)C(F)(F)F,6.829400000000008,549.7030000000002,38,2,12
COc1nc(OC)nc(n1)c1ccc2c3c1ccc1c3c(cc2)ccc1,4.453200000000003,341.37000000000006,26,5,3
CCNc1ccc2c(c1/N=N/c1ccc(cc1)/N=N/c1ccccc1)cccc2,8.102400000000006,379.46700000000004,29,4,6
Clc1cc2S/C(=C/3\Sc4c(C3=O)c(C)c(cc4Cl)Cl)/C(=O)c2c(c1)C,6.752240000000003,427.7610000000001,25,2,0
Clc1cc(Cl)c2c(c1)c(=O)c1c([nH]2)c2C(=O)c3ccccc3C(=O)c2c(c1)Cl,5.416900000000003,428.65800000000013,28,4,0
CC1=NN(C(=O)C1/N=N/c1ccccc1Cl)c1ccccc1,4.2150000000000025,312.76000000000005,22,2,3
CNc1ccc(c2c1C(=O)c1c(C2=O)cccc1)Nc1cccc(c1)C,4.555720000000003,342.3980000000001,26,3,3
Nc1c(C=NN=Cc2ccc3c(c2N)C(=O)c2c(C3=O)cccc2)ccc2c1C(=O)c1ccccc1C2=O,3.8548000000000027,498.4980000000002,38,4,3
Oc1ccc2c(c1N=Nc1ccccc1[N+](=O)[O-])cccc2,4.869000000000003,293.28200000000004,22,3,3
Clc1ccc(c(c1)[N+](=O)[O-])N=Nc1c(O)ccc2c1cccc2,5.522400000000004,327.72700000000003,23,3,3
COc1ccc(cc1N=Nc1c(O)c(cc2c1cccc2)C(=O)Nc1cc(Cl)c(cc1OC)OC)S(=O)(=O)N(CC)CC,6.922800000000008,627.119,43,4,11
O=C(c1ccc2c(c1)c(=O)c1c([nH]2)c2C(=O)c3ccccc3C(=O)c2cc1)Nc1cccc2c1C(=O)c1cccc(c1C2=O)NC(=O)c1ccccc1,6.736700000000004,693.6710000000002,53,7,4
N#CCCN(c1ccc(cc1)/N=N/c1ccc(cc1)[N+](=O)[O-])CCOC(=O)Nc1ccccc1,5.978980000000005,458.47800000000024,34,3,10
O=C1c2c(cccc2C(=O)c2c1cccc2)Nc1ccc(cc1)S(=O)(=O)c1ccccc1,5.038400000000004,439.49200000000013,32,4,4
Clc1ccc(c2c1C(=O)/C(=C\1/Sc3c(C1=O)c(Cl)ccc3Cl)/S2)Cl,6.7888,434.15200000000004,24,2,0
COC(=O)Nc1ccc(cc1)N=Nc1ccc(cc1C)N=Nc1ccc(cc1)O,6.709720000000005,389.4150000000001,29,3,5
O1CC1COc1ccc(cc1)C(C(c1ccc(cc1)OCC1OC1)c1ccc(cc1)OCC1OC1)c1ccc(cc1)OCC1OC1,5.7610000000000054,622.7140000000003,46,4,17
C[SiH](O[Si](O[Si](O[SiH](C)C)(C)C)(C)C)C,2.4066,282.637,15,0,6
CC(C#CC(OOC(C)(C)C)(C)C)(OOC(C)(C)C)C,4.0404000000000035,286.412,20,0,4
Oc1ccc(c2c1C(=O)c1c(C2=O)cccc1)Nc1ccc(cc1)OS(=O)(=O)C,3.249600000000002,409.41900000000015,29,3,4
Fc1ccc(cc1)C(c1ccc(cc1)F)CCCN1CCC(CC1)n1c(=O)[nH]c2c1cccc2,5.857000000000005,461.5560000000002,34,4,7
CC(=O)Nc1ccc(cc1)NC(=O)c1cc2ccccc2c(c1O)N=Nc1cc(ccc1Cl)C(=O)N,5.923800000000004,501.93000000000023,36,4,6
CCOc1cc(N=Nc2c(Br)cc(cc2N(=O)=O)N(=O)=O)c(c(c1)N(CCOC(=O)C)CCOC(=O)C)NC(=O)C,4.970600000000005,639.4160000000003,41,2,14
Cc1cc(C)c(cc1C)C,2.9202800000000018,134.22199999999998,10,1,0
Clc1cc2S/C(=C/3\Sc4c(C3=O)c(C)cc(c4)Cl)/C(=O)c2c(c1)C,6.098840000000004,393.31600000000014,24,2,0
Cc1cc(Cl)c(c2c1S/C(=C\1/Sc3c(C1=O)c(C)c(cc3C)Cl)/C2=O)C,6.715680000000003,421.37000000000023,26,2,0
Cc1ccc(c(c1)C)NC(=O)C(C(=O)C)N=Nc1ccc(cc1Cl)c1ccc(c(c1)Cl)N=NC(C(=O)Nc1ccc(cc1C)C)C(=O)C,9.25408,685.612,48,4,11
CCOc1ccc(cc1)/N=N/c1ccc(c2c1cccc2)O,5.359500000000004,292.33799999999997,22,3,4
O=C=NC(c1cccc(c1)C(N=C=O)(C)C)(C)C,2.828400000000001,244.29399999999995,18,1,4
Clc1cc(ccc1/N=N/c1c(O)ccc2c1cccc2)N(=O)=O,5.522400000000003,327.72700000000003,23,3,3
O=N(=O)c1cc(ccc1/N=N/c1c(O)ccc2c1cccc2)N(=O)=O,4.777200000000003,338.27900000000005,25,3,4
C[Si](O[Si](O[Si](C)(C)C)(O[Si](C)(C)C)O[Si](C)(C)C)(C)C,4.828000000000005,384.8460000000002,21,0,8
O=C1c2ccccc2C(=O)c2c1c(ccc2N)Nc1ccccc1,3.7878000000000016,314.344,24,3,2
OCCC(C(C(C(C(C(F)(F)F)(F)F)(F)F)(F)F)(F)F)(F)F,4.1076,364.1009999999999,22,0,6
Oc1ccc2c(c1/N=N/c1ccccc1)cccc2,4.960800000000003,248.28500000000005,19,3,2
Clc1cc(Cl)c(c(c1)C(=O)Nc1ccc(c(c1)Cl)Cl)O,5.2581000000000016,351.016,20,2,2
CCOC(=O)c1ccccc1/C(=C/1\C=C(Br)C(=O)C(=C1)Br)/c1cc(Br)c(c(c1)Br)O,7.036100000000005,661.9660000000001,30,2,4
CN(c1ccc(c2c1cccc2)C(c1ccc(cc1)N(C)C)(c1ccc(cc1)N(C)C)O)c1ccccc1,7.023900000000009,501.6740000000002,38,5,7
FC(C(F)F)F,1.5166,102.03000000000002,6,0,1
OCCN(S(=O)(=O)C(C(C(C(C(C(C(C(F)(F)F)(F)F)(F)F)(F)F)(F)F)(F)F)(F)F)(F)F)CC,4.5973000000000015,571.2489999999998,34,0,11
Oc1c(Br)cc2c(c1Br)Oc1c(C32OC(=O)c2c3c(Cl)c(Cl)c(c2Cl)Cl)cc(c(c1Br)O)Br,9.329399999999998,785.6750000000002,33,3,0
Brc1ccc2c(c1)C(=O)/C(=C/1\Sc3c(C1=O)ccc1c3c(Cl)ccc1)/N2,6.0641000000000025,442.7210000000001,26,3,0
O=C1c2ccccc2C(=O)c2c1c(ccc2N)Sc1nc2c(s1)cccc2,4.805100000000002,388.47300000000007,27,4,2
N#CCCN(c1ccc(cc1)/N=N/c1c(Cl)cc(cc1Cl)[N+](=O)[O-])CCOC(=O)C,5.6001800000000035,450.2820000000003,30,2,9
CN(c1ccc(cc1)C(c1ccc(c2c1cccc2)Nc1ccccc1)(c1ccc(cc1)N(C)C)O)C,6.999600000000009,487.64700000000016,37,5,7
C[Si]1(C)O[Si](C)(C)O[Si](C)(C)O[Si](O[Si](O[Si](O1)(C)C)(C)C)(C)C,4.310400000000003,444.9300000000002,24,0,0
C[Si]1(C)O[Si](C)(C)O[Si](C)(C)O[Si](O[Si](O1)(C)C)(C)C,3.5920000000000023,370.7750000000001,20,0,0
CN(c1ccc(cc1)C(c1ccc(cc1)N(C)C)c1ccc(cc1)N(C)C)C,5.064800000000004,373.5440000000001,28,3,6
N#Cc1cc(cc(c1/N=N/c1ccc(cc1NC(=O)C)N(CC)CC)Br)[N+](=O)[O-],5.448980000000004,459.3040000000002,29,2,7
Cc1ccc(c(c1)C)/N=N/c1c(O)ccc2c1cccc2,5.577640000000004,276.339,21,3,2
OCCN(c1ccc(cc1)/N=N/c1c(Cl)cc(cc1Cl)[N+](=O)[O-])C,4.7455000000000025,369.2080000000001,24,2,6
Oc1ccc(cc1)/N=N/c1ccc(cc1)/N=N/c1ccccc1,6.223000000000004,302.33700000000005,23,3,4
Oc1ccc(cc1)N=Nc1ccc(c2c1cccc2)N=Nc1ccccc1,7.376200000000005,352.39700000000005,27,4,4
Oc1c(cc(cc1C(C)(C)C)c1ccc(cc1)C(C)(C)C)C(C)(C)C,6.951700000000007,338.53500000000014,25,2,1
Oc1ccc(cc1C)/N=N/c1ccc(cc1)/N=N/c1ccccc1,6.531420000000005,316.36400000000003,24,3,4
Brc1cc(Br)cc(c1)Br,3.974100000000001,314.802,9,1,0
COc1c(OC)c(Cl)c(c(c1Cl)Cl)Cl,4.317400000000001,275.94599999999997,14,1,2
Clc1cc(cc(c1Cl)Cl)c1cc(Cl)c(c(c1)Cl)Cl,7.274000000000001,360.88200000000006,18,2,1
COc1ccccc1/N=N/c1c(O)ccc2c1cccc2,4.969400000000004,278.311,21,3,3
Oc1c(Br)cc(cc1Br)C1(OS(=O)(=O)c2c1cccc2)c1cc(Br)c(c(c1)Br)O,6.158600000000004,669.9670000000002,29,3,2
Cc1cc(cc(c1O)Br)C1(OS(=O)(=O)c2c1cccc2)c1cc(C)c(c(c1)Br)O,5.250440000000004,540.2290000000003,29,3,2
[O-][N+](=O)c1c(C)c(cc2c1C(C)(C)CC2(C)C)[N+](=O)[O-],3.7703200000000026,278.308,20,1,2
Cc1cc(O)c(cc1C1(OS(=O)(=O)c2c1cccc2)c1cc(C)c(cc1C)O)C,4.342280000000003,410.49100000000016,29,3,2
Clc1ccc(cc1)NC(=O)c1cc2c(cc1O)[nH]c1c2cccc1,4.932400000000003,336.778,24,4,2
Clc1c(S)c(Cl)c(c(c1Cl)Cl)Cl,5.2423,282.406,12,1,0
Clc1ccc(c(c1)NC(=O)c1cc2ccccc2cc1O)C,4.759520000000003,311.76800000000003,22,3,2
COc1c([N+](=O)[O-])c(C)c(cc1C(C)(C)C)[N+](=O)[O-],3.1175200000000016,268.26899999999995,19,1,3
CN1CCN(CC1)CCCN1c2ccccc2Sc2c1cc(cc2)C(F)(F)F,4.945600000000004,407.5050000000001,28,2,4
O=c1c2ccc3c4c2c(c2c1cccc2)[nH]c1c4c2c([nH]3)c3ccccc3c(=O)c2cc1,5.154360000000003,410.43200000000013,32,4,0
C=C[C@@](CC[C@H]1[C@](C)(O)CC[C@@H]2[C@]1(C)CCCC2(C)C)(O)C,4.697200000000005,308.506,22,0,4
N/C(=N\CCCCCC/N=C(/N=C(Nc1ccc(cc1)Cl)N)\N)/N=C(Nc1ccc(cc1)Cl)N,3.3366,505.4580000000002,34,2,9
CN1CCN(CC1)CCCN1c2ccccc2Sc2c1cc(Cl)cc2,4.580200000000004,373.9530000000001,25,2,4
Cl[C@@H]1[C@H](Cl)[C@@H](Cl)[C@@H]([C@@H]([C@H]1Cl)Cl)Cl,3.644400000000001,290.832,12,0,0
C[Si]1(C)O[Si](C)(C)O[Si](O[Si](O1)(C)C)(C)C,2.8736000000000015,296.62,16,0,0
Brc1cc(c(c(c1O)Br)C)C1(OS(=O)(=O)c2c1cccc2)c1cc(Br)c(c(c1C)Br)O,6.775440000000006,698.0210000000001,31,3,2
C[C@@H]1CC[C@]2([C@@H]([C@H]1C)C1=CC[C@H]3[C@@]([C@@]1(CC2)C)(C)CC[C@@H]1[C@]3(C)CC[C@@H](C1(C)C)O)C(=O)O,7.089500000000008,456.71100000000024,33,0,1
COc1cc(NS(=O)(=O)c2ccc(cc2)C)c2c(c1N)C(=O)c1c(C2=O)cccc1,3.162020000000001,422.4620000000002,30,3,4
Oc1ccc2c(c1/N=N/c1ccc(cc1)/N=N\c1ccccc1)cccc2,7.376200000000006,352.39700000000005,27,4,4
Brc1ccc(cc1)NC(=O)c1cc(Br)cc(c1O)Br,4.932000000000001,449.92400000000004,19,2,2
COc1cc(OC)c(cc1NC(=O)c1cc2ccccc2cc1O)Cl,4.468300000000003,357.793,25,3,4
Clc1ccc(c(c1)C)NC(=O)c1cc2ccccc2cc1O,4.759520000000003,311.76800000000003,22,3,2
Cc1cc(Sc2cc(C)c(c(c2)C(C)(C)C)O)cc(c1O)C(C)(C)C,6.460840000000007,358.54700000000014,25,2,2
ClC(C(c1ccccc1Cl)c1ccc(cc1)Cl)Cl,5.929000000000002,320.04599999999994,18,2,3
CCN(c1ccc(c(c1)C)C=C(C#N)C#N)CCOC(=O)CCCCC(=O)OCCN(c1ccc(c(c1)C)C=C(C#N)C#N)CC,6.164160000000007,620.7540000000001,46,2,17
COc1ccccc1Nc1ccc(c2c1C(=O)c1ccccc1C2=O)N,3.796400000000002,344.37000000000006,26,3,3
N#CCCNCCc1ccc(cc1)/N=N/c1sc2c(n1)c(Br)cc(c2)Br,6.282480000000003,493.2280000000001,26,3,7
COc1cc(ccc1Nc1ccc(cc1[N+](=O)[O-])[N+](=O)[O-])c1ccc(c(c1)OC)Nc1ccc(cc1[N+](=O)[O-])[N+](=O)[O-],6.4908000000000055,576.4780000000003,42,4,11
CC(=O)OC(N(c1ccc(c(c1)NC(=O)c1ccccc1)N=Nc1ccc(cc1)[N+](=O)[O-])C(OC(=O)C)C)C,5.8871000000000056,533.5410000000002,39,3,10
CCN(c1ccc(cc1)/N=N/c1ccc(cc1Cl)[N+](=O)[O-])CCOc1ccccc1,6.568900000000005,424.88800000000015,30,3,9
Brc1ccc(c(c1)Br)Oc1cc(Br)c(cc1Br)Br,7.291400000000002,564.691,18,2,2
N#CCCN(c1ccc(cc1)/N=N/c1sc2c(n1)cc(c(c2)Cl)Cl)CCOC(=O)C,6.301680000000005,462.3620000000002,30,3,8
OCCN(S(=O)(=O)C(C(C(C(C(C(F)(F)F)(F)F)(F)F)(F)F)(F)F)(F)F)CC,3.3267000000000015,471.2349999999999,28,0,9
CCOC(=O)CCc1cc(c(c(c1)C(C)(C)C)O)C(C)(C)C,4.482900000000004,306.4460000000001,22,1,4
Brc1cccc(c1)Oc1ccc(c(c1Br)Br)Br,6.528900000000002,485.79499999999996,17,2,2
COc1ccc(cc1)C(c1ccc(cc1)OC)(c1ccccc1)Cl,5.234500000000003,338.83399999999995,24,3,5
N#CCCN(c1ccc(cc1)/N=N/c1sc2c(n1)cc(c(c2)Cl)Cl)C,6.368380000000003,390.29900000000004,25,3,5
CN1C(C)(C)CC(CC1(C)C)OC(=O)CCCCCCCCC(=O)OC1CC(C)(C)N(C(C1)(C)C)C,6.4964000000000075,508.7880000000004,36,0,11
Oc1ccc(cc1C(C)(C)C)c1ccc(cc1)C(C)(C)C,5.654200000000006,282.427,21,2,1
C=CCN(c1cc(NC(=O)C)c(cc1OC)/N=N/c1c(Br)cc(cc1[N+](=O)[O-])[N+](=O)[O-])Cc1ccccc1,6.840500000000006,583.3990000000002,38,3,11
Nc1c(ccc2c1C(=O)c1ccccc1C2=O)c1nnc(o1)c1ccc2c(c1N)C(=O)c1c(C2=O)cccc1,4.118800000000002,512.4810000000003,39,5,2
Nc1c(ccc2c1C(=O)c1ccccc1C2=O)c1nnc(o1)c1ccc(cc1)c1nnc(o1)c1ccc2c(c1N)C(=O)c1c(C2=O)cccc1,5.835800000000004,656.6140000000001,50,7,4
CCN(c1ccc(c(c1)NC(=O)C)/N=N/c1c(Br)cc(cc1[N+](=O)[O-])[N+](=O)[O-])CC,5.485500000000004,479.2910000000002,30,2,8
CCC1(COP(Oc2ccc(cc2)C(c2ccc(cc2)OP(OCC2(CC)COC2)OCC2(CC)COC2)(C)C)OCC2(CC)COC2)COC1,8.996700000000004,748.8309999999999,51,2,22
N#CC(=Cc1ccc(cc1C)N(CCOc1ccc(cc1)C1CCCCC1)CC)C#N,6.378580000000006,413.5650000000003,31,2,8
CCN(c1ccc(c(c1)C)C=C(C#N)C#N)CCOc1ccccc1C1CCCCC1,6.378580000000006,413.5650000000002,31,2,8
COc1ccc(cc1)Oc1cc(O)c2c(c1N)C(=O)c1c(C2=O)cccc1,3.5507000000000017,361.35300000000007,27,3,3
N#Cc1cc(cc(c1/N=N/c1ccc(cc1NC(=O)C)N(CC)CC)I)[N+](=O)[O-],5.2910800000000044,506.3040000000002,29,2,7
N#CCCN(c1ccc(cc1)/N=N/c1c(Br)cc(cc1Br)[N+](=O)[O-])CC,6.275180000000003,481.14800000000014,26,2,7
CC(=O)OCCN(c1ccc(cc1)N=Nc1c(Br)cc(cc1Br)[N+](=O)[O-])CCOC(=O)C,5.467800000000004,572.2100000000002,32,2,10
CCCN(c1ccc(c(c1)NC(=O)C)/N=N/c1c(C#N)cc(cc1C#N)[N+](=O)[O-])CCC,5.338360000000005,433.4720000000002,32,2,9
Nc1c(N)ccc2c1c1ccc3c4c1c(C2=O)ccc4c1c2c3ccc3c2c(cc1)C(=O)c1c3cccc1,7.110400000000004,486.53000000000026,38,9,0
Clc1ccc(c(c1)Cl)NC(=O)C(C(=O)C(C)(C)C)Oc1ccc(cc1)C(=O)O,4.692900000000003,424.28000000000014,28,2,6
COc1ccc(cc1N=Nc1c(O)c(cc2c1cccc2)C(=O)Nc1cc(Cl)c(cc1OC)OC)C(=O)Nc1ccc(cc1)C(=O)N,7.243500000000006,654.0790000000001,47,5,10
CCCCN(c1ccc(c(c1)C)C=C(C#N)C#N)CCOC(=O)Nc1ccc(c(c1)Cl)Cl,6.587580000000005,471.38800000000015,32,2,9
COC(=O)CCN(c1ccc(cc1)N=Nc1c(Cl)cc(cc1Br)[N+](=O)[O-])CCC(=O)OC,5.358700000000004,527.7590000000002,32,2,10
OCCNc1nc(NCCCOCCOc2ccccc2)c(c(c1C#N)C)/N=N/c1ccc(cc1C#N)[N+](=O)[O-],4.758780000000003,544.5720000000002,40,3,15
OCCN1c2cc(C)c(cc2C(CC1(C)C)C)/N=N/c1c(Cl)cc(cc1[N+](=O)[O-])[N+](=O)[O-],5.964720000000005,461.9060000000002,32,2,6
CCCN(c1ccc(c(c1)NC(=O)C)/N=N/c1nnc(s1)SCC)CCC,5.650300000000005,406.5810000000002,27,2,10
N#Cc1c(NCCCOCCOc2ccccc2)nc(c(c1C)/N=N/c1ccc(cc1Cl)S(=O)(=O)C)NCCCOCCOc1ccccc1,7.529200000000007,721.2799999999999,50,4,21
N#CC(=Cc1cc2C(C)CC(N(c2cc1C)CCC(=O)Nc1ccccc1)(C)C)C#N,5.546580000000005,412.53700000000003,31,2,5
N#CC(=Cc1ccc2c(c1)C(C)CC(N2CCOC(=O)Nc1ccccc1)(C)C)C#N,5.458060000000005,414.50900000000007,31,2,5
OCCNc1nc(NCCCOCCOc2ccccc2)c(c(c1/N=N/c1ccc(cc1C#N)[N+](=O)[O-])C)C#N,4.758780000000003,544.5720000000001,40,3,15
CC(Nc1nc(nc(n1)c1ccccc1)Nc1cc(Br)c(c2c1C(=O)c1ccccc1C2=O)N)C,5.2226000000000035,529.3980000000003,35,4,5
CC(Nc1nc(nc(n1)c1ccccc1)Nc1cc(C(=O)C)c(c2c1C(=O)c1ccccc1C2=O)N)C,4.662700000000003,492.5390000000004,37,4,6
Clc1ccc(c(c1)O)Oc1ccc(cc1Cl)Cl,5.144700000000002,289.54499999999996,17,2,2
COc1ccc(cc1)C(c1ccc(cc1)OC)(c1ccccc1)OC[C@H]1O[C@H](C[C@@H]1O)n1cnc2c1ncnc2NC(=O)c1ccccc1,5.752900000000005,657.7270000000001,49,6,11
O=C1NC2(OC31CC(C)(C)NC(C3)(C)C)CCCCCCCCCCC2,4.813200000000004,364.5740000000003,26,0,0
COc1ccc(cc1)C(c1ccc(cc1)OC)(c1ccccc1)OC[C@H]1O[C@H](C[C@@H]1O)n1ccc(nc1=O)NC(=O)c1ccccc1,5.169900000000005,633.7010000000001,47,5,11
CCOCCOC(=O)Nc1cc(ccc1/N=N/c1ccc(cc1Cl)[N+](=O)[O-])N(CC)CC,6.0948000000000055,463.92200000000025,32,2,11
CNS(=O)(=O)C(C(C(C(C(C(C(F)(F)F)(F)F)(F)F)(F)F)(F)F)(F)F)(F)F,3.8672000000000004,463.16199999999986,27,0,7
CNS(=O)(=O)C(C(C(C(C(C(F)(F)F)(F)F)(F)F)(F)F)(F)F)(F)F,3.2319000000000004,413.15499999999986,24,0,6
CNS(=O)(=O)C(C(C(C(C(F)(F)F)(F)F)(F)F)(F)F)(F)F,2.5966000000000005,363.1479999999999,21,0,5
N#CCCN(c1ccc(c(c1)C)/N=N/c1ccc(cc1Cl)[N+](=O)[O-])CCOC(=O)C,5.255200000000004,429.8640000000002,30,2,9
OCCN(S(=O)(=O)C(C(C(C(C(F)(F)F)(F)F)(F)F)(F)F)(F)F)CC,2.6914000000000007,421.22799999999995,25,0,8
OCCN(S(=O)(=O)C(C(C(C(C(C(C(F)(F)F)(F)F)(F)F)(F)F)(F)F)(F)F)(F)F)CC,3.9620000000000015,521.2419999999998,31,0,10
OCCN(S(=O)(=O)C(C(C(C(C(C(F)(F)F)(F)F)(F)F)(F)F)(F)F)(F)F)C,2.936600000000001,457.20799999999986,27,0,8
OCCN(S(=O)(=O)C(C(C(C(C(C(C(F)(F)F)(F)F)(F)F)(F)F)(F)F)(F)F)(F)F)C,3.571900000000001,507.21499999999986,30,0,9
C=CCN(c1cc(NC(=O)C)c(cc1OC)/N=N/c1c(Br)cc(cc1[N+](=O)[O-])[N+](=O)[O-])CCC#N,5.553980000000005,546.3380000000001,35,2,11
CCNS(=O)(=O)C(C(C(C(C(C(C(F)(F)F)(F)F)(F)F)(F)F)(F)F)(F)F)(F)F,4.257300000000001,477.18899999999985,28,0,8
CCOC(=O)c1ccc2c(c1)C(OC2=O)(c1ccc(cc1OCC)N(CC)CC)c1c2ccccc2n(c1C)CC,6.853520000000008,554.6870000000002,41,4,10
CCOC(=O)c1ccc2c(c1)C(=O)OC2(c1ccc(cc1OCC)N(CC)CC)c1c2ccccc2n(c1C)CC,6.853520000000008,554.6870000000002,41,4,10
CC(=O)OCCN(S(=O)(=O)c1ccc2c(c1)ccc(c2N=Nc1ccc(cc1)N=Nc1ccccc1)O)C,6.559800000000007,531.5940000000002,38,4,9
O=C(C(=O)NCCOC(=O)CCc1cc(c(c(c1)C(C)(C)C)O)C(C)(C)C)NCCOC(=O)CCc1cc(c(c(c1)C(C)(C)C)O)C(C)(C)C,6.172000000000008,696.9260000000002,50,2,12
COCCCNc1ccc(c2c1cccc2)/N=N/c1c(Br)cc(cc1[N+](=O)[O-])[N+](=O)[O-],6.282500000000004,488.2980000000002,31,3,9
CC(=O)CCN(CC1(C)CCCC2(C1CCc1c2ccc(c1)C(C)C)C)CCC(=O)c1ccccc1,7.374400000000009,487.72800000000024,36,2,10
CCCCN(c1ccc(c(c1)C)/N=N/c1c(Br)cc(cc1C#N)[N+](=O)[O-])CCOC(=O)C,6.122400000000004,502.3690000000003,32,2,10
CCCCN(c1ccc(c(c1)C)/N=N/c1c(C#N)cc(cc1C#N)[N+](=O)[O-])CCOC(=O)C,5.2315800000000054,448.4830000000003,33,2,10
Clc1cc(cc(c1/N=N/c1ccc(cc1)Nc1ccc(cc1)[N+](=O)[O-])Cl)[N+](=O)[O-],6.9688000000000025,432.2230000000001,29,3,6
CCCN(c1ccc(c(c1)NS(=O)(=O)C)/N=N/c1c(C#N)cc(cc1C#N)C)CCC,5.151680000000004,438.5570000000003,31,2,9
COC(=O)OCCN(c1ccc(c(c1)C)/N=N/c1c(Cl)cc(cc1Cl)[N+](=O)[O-])CCOC(=O)OC,5.997820000000004,529.3330000000003,35,2,10
CCCc1cc(Cl)cc(c1)c1ccncc1,4.354500000000003,231.726,16,2,3
CCCc1cc(ccc1Cl)c1ccncc1,4.354500000000003,231.72599999999997,16,2,3
COCCNc1nc(NCCOC)c(c(c1/N=N/c1cccc2c1C(=O)c1ccccc1C2=O)C)C#N,4.569100000000003,498.54300000000023,37,3,10
COCCNc1nc(NCCOC)c(c(c1/N=N/c1cc(OC)c(cc1OC)/N=N/c1c(Cl)cc(cc1Cl)[N+](=O)[O-])C)C#N,7.441300000000006,646.4920000000001,44,3,15
Clc1cc(Cl)c2c(c1)c(=O)n1c(n2)c(c([nH]1)C)N=Nc1cccc2c1C(=O)c1ccccc1C2=O,5.981820000000004,502.3170000000003,35,5,2
OC(COc1ccccc1)CNc1cc(NC(=O)C)c(cc1Cl)/N=N/c1ccc(cc1Cl)[N+](=O)[O-],6.127200000000004,518.3570000000002,35,3,10
CCCN(c1ccc(c(c1)NC(=O)C)/N=N/c1c(Br)cc(cc1C#N)[N+](=O)[O-])CCC,6.229180000000005,487.35800000000023,31,2,9
N#Cc1cc(C)cc(c1/N=N/c1ccc(cc1C)N(CC)CC)Br,6.199220000000005,385.3090000000001,24,2,5
N#Cc1cc(C)cc(c1/N=N/c1ccc(cc1NS(=O)(=O)C)N(CC)CC)Br,5.262300000000004,464.3890000000002,28,2,7
CCCN(c1ccc(c(c1)NS(=O)(=O)C)/N=N/c1c(Br)cc(cc1C#N)C)CCC,6.042500000000006,492.44300000000027,30,2,9
O=C(c1cc2ccccc2c(c1O)N=Nc1ccc(cc1[N+](=O)[O-])[N+](=O)[O-])Nc1ccccc1,6.029500000000004,457.40200000000016,34,4,6
COCCCNc1nc(NCCCOC)c(c(c1/N=N/c1ccc(cc1Cl)/N=N/c1ccccc1)C)C#N,7.642700000000008,535.052,38,3,14
Brc1cc(Cl)c2c(c1)C(=O)/C(=C\1/Nc3c(C1=O)cc(cc3Br)Br)/N2,5.755700000000001,533.4010000000001,24,2,0
O=C=NCCCCCCN(C(=O)NCCCCCCN=C=O)C(=O)NCCCCCCNC(=O)SCCC[Si](OC)(OC)OC,4.771400000000003,674.9380000000002,45,0,28
CCCCn1c(O)c(N=Nc2ccc(cc2[N+](=O)[O-])C(=O)c2ccc(cc2)Cl)c(c(c1=O)C#N)C,5.742100000000005,493.90700000000027,35,3,8
COc1cc(N=Nc2ccccc2OC)c(cc1N=Nc1ccc(cc1)O)C,6.548620000000006,376.4160000000001,28,3,6
CCOc1ccccc1NC(=O)c1cc2ccccc2c(c1O)N=Nc1ccccc1[N+](=O)[O-],6.520000000000005,456.4580000000002,34,4,7
Clc1cccc(c1)CCCc1ccccn1,3.910300000000003,231.72599999999997,16,2,4
C[Si](O[Si](C)(C)C)(O[Si](C)(C)C)C,3.391200000000002,236.53599999999994,13,0,4
Cc1ccc(c(c1)C)/N=N/C1C(=NN(C1=O)c1ccccc1)C,4.178440000000003,306.369,23,2,3
CCCC[Sn](CCCC)(CCCC)F,5.301700000000006,309.057,14,0,9
CCCC[Sn](OC(=O)c1ccccc1O)(CCCC)CCCC,5.894800000000005,427.17300000000034,23,1,11
CCCC[Sn](CCCC)CCCC,4.881500000000004,290.059,13,0,9
c1ccc(cc1)[Bi](c1ccccc1)c1ccccc1,2.2028,440.29800000000006,19,3,3
CCCC[Sn](OC(=O)C=CC(=O)O)(CCCC)CCCC,4.516200000000004,405.12300000000033,21,0,12
CCCC[Sn](CCCC)(CCCC)Cl,5.571000000000006,325.51200000000006,14,0,9
F[Sn](c1ccccc1)(c1ccccc1)c1ccccc1,2.623000000000001,369.0270000000001,20,3,3
CCCC[Sn](O[Sn](CCCC)(CCCC)CCCC)(CCCC)CCCC,9.694599999999998,596.1170000000002,27,0,20
CCCCCCCCC(C(=O)O[Sn](CCCC)(CCCC)CCCC)CC(=O)O[Sn](CCCC)(CCCC)CCCC,12.52129999999998,808.4059999999998,42,0,30
CCCC(CCC(CC(C(CCC(CCC(C(CC(Cl)C)Cl)Cl)Cl)Cl)Cl)Cl)Cl,9.786399999999993,558.1159999999999,28,0,17
C[Si](O[Si](C)(C)C)(C)C,2.6728000000000005,162.38099999999997,9,0,2
CCC(CCC(C(CC(C(C(CCl)Cl)Cl)Cl)Cl)Cl)Cl,6.449900000000004,411.4549999999999,19,0,10
OCCC(C(C(C(C(C(C(C(C(C(C(C(C(C(C(C(F)(F)F)(F)F)(F)F)(F)F)(F)F)(F)F)(F)F)(F)F)(F)F)(F)F)(F)F)(F)F)(F)F)(F)F)(F)F)(F)F,10.460599999999998,864.1710000000007,52,0,16
OP=O,0.18539999999999995,63.980000000000004,3,0,0
CCOCCCCCCCCC(C(C(C)C)C)C(CCN)C,5.646800000000005,313.5700000000001,22,0,15
CCCCCC,2.5866000000000007,86.178,6,0,3
CCCCCCCCCCCCCCCCCCCCCCCCCCCCCCCCCC,13.509399999999973,478.93400000000054,34,0,31
CCCCCCCCCCCCCCCCCCCCCCC,9.218300000000001,324.63700000000006,23,0,20
CCCCCCCCCCCCCCCCCCCCC,8.438100000000006,296.58299999999997,21,0,18
CCCCCCCCCCCCCCCCCCCCCC,8.828200000000002,310.61,22,0,19
CCCCCCCCCCCCCCCCCCCCCCCCCCCCCCCCCCCCCCCC,15.849999999999959,563.0960000000005,40,0,37
CCCCCCCCCCCCCCCCCC,7.267800000000007,254.5019999999999,18,0,15
CCCCCCCCCCCCCCCCCCCCCCCCCC,10.388599999999993,366.7180000000002,26,0,23
CCCCCCCCCCCCCCCCCCC,7.657900000000008,268.5289999999999,19,0,16
CCCCCCCCCCCCCCCCCCCCCCCCCCCCCCCCCCCCCC,15.069799999999963,535.0420000000006,38,0,35
CCCCCCCCCCCCCCCCCCCCCCCCCCCCCCCCCCCCC,14.679699999999965,521.0150000000007,37,0,34
CCCCCCCCCCCCC,5.317300000000005,184.36699999999996,13,0,10
CCCCCCCCCCCCCCCCC,6.877700000000007,240.4749999999999,17,0,14
CCCCCCCCCCCCCCCCCCCCCCCCCCCCCCCCCCC,13.899499999999971,492.9610000000006,35,0,32
CCCCCCCCCCCCCCCCCCCCCCCCCCCCCCCCCCCC,14.289599999999968,506.9880000000006,36,0,33
CCCCCCCCCCCCCC,5.707400000000006,198.39399999999995,14,0,11
CCCCCCCCCCCCCCCCCCCCCCCCC,9.998499999999995,352.69100000000014,25,0,22
CCCCCCCCCCCCCCCCCCCCCCCCCCCC,11.168799999999989,394.7720000000003,28,0,25
CCCCCCCCCCCCCCCCCCCCCCCCCCCCCC,11.948999999999982,422.82600000000036,30,0,27
CCCCCCCCCCCCCCCCCCCCCCCC,9.608399999999998,338.6640000000001,24,0,21
CCCCCCCC,3.3668000000000022,114.232,8,0,5
CCCCCCCCCCCCCCCCCCCCCCCCCCCCCCCCCCCCCCCCCCCC,17.410399999999967,619.2040000000002,44,0,41
CCCCCCCCCCCCCCCCCCCCCCCCCCCCCCCC,12.729199999999977,450.88000000000045,32,0,29
CCCCCCCCCC,4.147000000000004,142.286,10,0,7
CCCCCCCCCCCC,4.9272000000000045,170.33999999999997,12,0,9
CCCCCCCC=C,3.5329000000000024,126.243,9,0,6
CCCCCCCCCCCCCl,5.146100000000005,204.78499999999997,13,0,10
CCCCCCCCOCCCCCCCC,5.724000000000006,242.44699999999992,17,0,14
CCCCCCCCCCCCOCCCCCCCCCCCC,8.844800000000003,354.6630000000002,25,0,22
CCCCCCCCCCOCCCCCCCCCC,7.284400000000009,298.555,21,0,18
CCC\C=C(/CC)\C=O,2.3218000000000005,126.19899999999998,9,0,4
CCCCCCCO,1.9491,116.204,8,0,5
CCCC,1.8064,58.123999999999995,4,0,1
CCCCCCCCCCCCCO,4.289700000000004,200.36599999999996,14,0,11
CCCCCCCCCCCCCCCCCO,5.8501000000000065,256.4739999999999,18,0,15
CCCCCCCCCCCCCCO,4.679800000000005,214.39299999999994,15,0,12
CCCCCCCCCCCCCCCO,5.069900000000006,228.41999999999993,16,0,13
CCCCCCCCCCCO,3.5095000000000023,172.31199999999998,12,0,9
CCCCCCCCCCCCCCCCCCO,6.240200000000008,270.50099999999986,19,0,16
CCCCCCCCCCCCO,3.8996000000000035,186.33899999999997,13,0,10
CCCCCCCCCCO,3.119400000000002,158.285,11,0,8
CCCCCCCCCO,2.7293000000000016,144.258,10,0,7
CCCCCl,2.0253,92.56899999999999,5,0,2
CCCCCCCC\C=C/CCCCCCCCN,5.982600000000005,267.5009999999999,19,0,15
c1ccc2ccccc2c1,2.839800000000001,128.17399999999995,10,2,0
c1ccc2c(c1)ccc3ccccc23,3.993000000000002,178.23399999999998,14,3,0
CC(C)c1ccc2ccccc2c1,3.963200000000003,170.25499999999997,13,2,1
Cc1cccc(c1)c2ccccc2,3.662020000000002,168.239,13,2,1
ClC(Cl)C(Cl)Cl,2.5938,167.85,6,0,1
ClC(Cl)(Cl)c1ccccc1,3.513300000000002,195.47600000000003,10,1,0
ClC(Cl)C(Cl)C(Cl)Cl,3.2012,216.322,8,0,2
CN(C)C(=O)C,0.0944999999999998,87.12199999999999,6,0,0
C=CC#N,0.6959799999999999,53.06399999999999,4,0,0
OS(=O)(=O)c1cccc(c1)S(=O)(=O)O,0.1800000000000001,238.242,14,1,2
OC(=O)c1cccc(c1)S(=O)(=O)O,0.6315000000000001,202.18699999999995,13,1,2
OS(=O)(=O)c1ccc(Cl)cc1,1.5867000000000002,192.623,11,1,1
CC(C)c1ccc2c(ccc(c2c1)S(=O)(=O)O)C(C)C,4.333300000000004,292.40000000000003,20,2,3
Nc1cccc(c1)S(=O)(=O)O,0.5155000000000001,173.19299999999998,11,1,1
Nc1ccc(cc1)S(=O)(=O)O,0.5155000000000001,173.19299999999998,11,1,1
CCCCCCCCCCCCc1cc(Oc2ccc(cc2)S(=O)(=O)O)cc(c1)S(=O)(=O)O,6.435700000000008,498.6630000000001,33,2,15
Nc1cccc2cccc(c12)S(=O)(=O)O,1.6687000000000003,223.253,15,2,1
CC(=O)Nc1ccc(cc1)S(=O)(=O)O,0.8916999999999999,215.23,14,1,2
OS(=O)c1ccccc1,1.2672,142.17899999999997,9,1,1
CCCCc1ccc2ccc(cc2c1)S(=O)(=O)O,3.429100000000002,264.34599999999995,18,2,4
OS(=O)(=O)c1cccc(c1)N(=O)=O,0.8415000000000001,203.17499999999998,13,1,2
OS(=O)(=O)c1ccc(cc1)N(=O)=O,0.8415000000000001,203.17499999999998,13,1,2
Cc1ccc(cc1)S(=O)(=O)Cl,1.92252,190.65099999999998,11,1,1
Nc1c(Cl)cc(cc1S(=O)(=O)O)c2cc(Cl)c(N)c(c2)S(=O)(=O)O,2.3182,413.2600000000001,24,2,3
OS(=O)(=O)CC=C,0.06020000000000025,122.14499999999998,7,0,2
ClS(=O)(=O)Cc1ccccc1,1.7552,190.65100000000004,11,1,2
CC(O)C=C,0.5531999999999999,72.10700000000001,5,0,1
CC#CC,1.0296,54.092,4,0,0
C(Oc1ccccc1)C2CO2,1.4642,150.17699999999996,11,1,3
C=CCOCC1CO1,0.5878,114.14399999999999,8,0,4
C1CCOC1,0.7968,72.107,5,0,0
CC(C)(C)C(=O)O,1.1171,102.13299999999998,7,0,0
COC(C)(C)C,1.4313,88.14999999999999,6,0,0
CC(=CC1C(C(=O)OCc2coc(Cc3ccccc3)c2)C1(C)C)C,5.1520000000000055,338.4470000000001,25,2,6
BrCCCCBr,2.556400000000001,215.916,6,0,3
ClCC(Br)CBr,2.3836000000000004,236.33399999999997,6,0,2
[O-][N+](=O)c1c(Cl)cc(Cl)cc1Cl,3.5550000000000006,226.446,12,1,1
[O-][N+](=O)c1c(Cl)c(Cl)c(Cl)c(Cl)c1Cl,4.8618,295.336,14,1,1
[O-][N+](=O)c1ccc(Cl)cc1,2.2481999999999998,157.55599999999998,10,1,1
[O-][N+](=O)c1cccc(Cl)c1,2.2482000000000006,157.55599999999998,10,1,1
[O-][N+](=O)c1ccc(cc1)[N+](=O)[O-],1.503,168.10799999999995,12,1,2
Oc1cccc(c1)[N+](=O)[O-],1.3003999999999998,139.10999999999999,10,1,1
CC(O)(CCO)CCO,-0.49779999999999996,134.175,9,0,4
OCCCOCCCO,-0.23220000000000013,134.175,9,0,6
CCC(=NO)C,1.2465,87.12199999999999,6,0,1
C1CC=CC1,1.7265,68.11900000000001,5,0,0
CCOc1ccc(N)cc1,1.6675,137.182,10,1,2
Nc1cccc(O)c1,0.9743999999999999,109.12799999999999,8,1,0
COc1ccc(Nc2ccc(OC)cc2)cc1,3.447400000000002,229.279,17,2,4
Nc1ccccc1O,0.9743999999999999,109.12799999999999,8,1,0
COc1cc(ccc1N)c2ccc(N)c(OC)c2,2.5352000000000006,244.29399999999998,18,2,3
COc1ccc(OC)cc1,1.7038,138.166,10,1,2
Cc1cc(C)c(N)c(C)c1,2.1940600000000003,135.21,10,1,0
Cc1ccc(N)cc1C,1.88564,121.183,9,1,0
COc1cccc(O)c1,1.4007999999999998,124.13899999999997,9,1,1
Cc1ccc(N)c(C)c1,1.88564,121.183,9,1,0
COC(=O)Nc1cccc(C)c1,2.1733199999999995,165.19199999999998,12,1,1
CNC(=O)Oc1cccc2ccccc12,2.5580000000000007,201.225,15,2,1
CC(=O)Nc1ccccc1O,1.3505999999999998,151.16499999999996,11,1,1
COc1cccc(OC)c1,1.7038,138.166,10,1,2
COc1cccc(c1)C(=O)O,1.3934,152.14899999999997,11,1,2
COc1ccc(cc1)C(=O)O,1.3934,152.14899999999997,11,1,2
COc1c(N)cccc1N(=O)=O,1.1856,168.15199999999996,12,1,2
Cc1cc(N)ccc1Cl,2.23062,141.601,9,1,0
Cc1cc(Cl)ccc1N,2.23062,141.60099999999997,9,1,0
Cc1cc(C)c(N)c(Cl)c1,2.53904,155.62800000000001,10,1,0
CCS,0.9360999999999999,62.137,3,0,0
CCC(=O)O,0.481,74.079,5,0,1
OC(=O)CS,0.0008000000000000229,92.119,5,0,1
O=C1OC(=O)C2CCCCC12,0.8761999999999999,154.165,11,0,0
CCCCCCCCCCCCCCCCCCC1CC(=O)OC1=O,6.727700000000008,352.559,25,0,17
CC1OC(C)OC(C)O1,1.0877999999999999,132.159,9,0,0
Cc1ccc2nc3SC(=O)Sc3nc2c1,2.5746200000000004,234.305,15,3,0
CC(C)(C)NSc1nc2ccccc2s1,3.6915000000000022,238.38100000000003,15,2,2
ClC(Cl)(Cl)SN1C(=O)C2CC=CCC2C1=O,2.913500000000001,300.5940000000001,16,0,1
ClN1C(=O)N(Cl)C(=O)N(Cl)C1=O,-0.8226000000000001,232.41,12,1,0
O=C1C=CC(=O)N1c2ccccc2,1.1159999999999999,173.17100000000002,13,1,1
CCOCC,1.0428000000000002,74.123,5,0,2
OC(CCl)CCl,0.8249,128.986,6,0,2
CC(C)c1ccccc1C(C)C,3.9334000000000033,162.27599999999995,12,1,2
Cc1ccccc1C,2.30344,106.16799999999999,8,1,0
CC(C)c1cccc(C)c1,3.1184200000000013,134.22199999999998,10,1,1
CC(C)c1ccc(cc1)C(C)C,3.9334000000000033,162.27599999999995,12,1,2
CC(C)c1cc2ccccc2c(C(C)C)c1C(C)C,6.210000000000005,254.41699999999994,19,2,3
CC(C)c1ccc2ccccc2c1C(C)C,5.086600000000004,212.33599999999996,16,2,2
CC(CC(c1ccccc1)c2ccc(C)c(C)c2)c3ccccc3,6.629140000000006,314.472,24,3,5
CCc1ccccc1CC,2.811400000000001,134.22199999999998,10,1,2
ClC1=C(Cl)C(Cl)(Cl)C(=C1Cl)Cl,4.5523,272.773,11,0,0
N#CSCSC#N,1.37246,130.197,7,0,2
CCCCC(CC)COC(=O)c1ccc(C(=O)OCC(CC)CCCC)c(c1)C(=O)OCC(CC)CCCC,8.806200000000006,546.7890000000003,39,1,21
CCCCCc1ccc2C(=O)c3ccccc3C(=O)c2c1,4.194700000000004,278.351,21,2,4
CCCCOC(=O)CC(CC(=O)OCCCC)(OC(=O)C)C(=O)OCCCC,3.0984000000000007,402.4840000000002,28,0,15
CCCCCCCCCCCCCCCCCCCCCCCCCCCC(=O)OCCO,9.684399999999998,468.8070000000004,33,0,28
CC(C)(c1cc(Br)c(OCCO)c(Br)c1)c2cc(Br)c(OCCO)c(Br)c2,5.804700000000005,631.9810000000001,27,2,8
CCCCCCOC(=O)C=C,2.2959000000000005,156.225,11,0,6
CCCCCCCCCCCCCOP(OC1CCCCC1)OC2CCCCC2,9.2395,428.6380000000004,29,0,17
CCCCCCCCCCCCCCCCCC(=O)OCC1OCC(O)C(O)C1O,4.272600000000006,430.6260000000001,30,0,18
OC(=O)c1ccccc1C(=O)O,1.083,166.13199999999998,12,1,2
CCCC[Sn](CCCC)(CCCC)OC(=O)C(Br)C(Br)C(=O)O[Sn](CCCC)(CCCC)CCCC,10.291399999999994,853.9819999999994,36,0,23
CCCCCCCCCc1ccc(OP(Oc2ccc(CCCCCCCCC)cc2)Oc3ccc(CCCCCCCCC)cc3)cc1,15.329599999999962,689.0179999999999,49,3,30
COC(=O)CCS,0.4792999999999999,120.17300000000002,7,0,2
C=CCOP(=O)(OCC=C)OCC=C,2.702300000000001,218.18899999999994,14,0,9
Cc1ccc(OP(=O)(Oc2ccc(C)cc2)Oc3ccc(C)cc3)cc1,6.256760000000005,368.3690000000001,26,3,6
CCCCOP(=O)(OCCCC)OCCCC,4.544600000000004,266.3179999999999,17,0,12
Cc1ccccc1OP(=O)(Oc2ccccc2C)Oc3ccccc3C,6.256760000000005,368.36900000000014,26,3,6
Cc1ccc(OP(=O)(Oc2ccccc2)Oc3ccccc3)cc1,5.6399200000000045,340.31500000000005,24,3,6
CC(CCl)OP(=O)(OCCOCCOP(=O)(OC(C)CCl)OC(C)CCl)OC(C)CCl,5.8280000000000065,572.1830000000001,31,0,20
OC(C(F)(F)F)C(F)(F)F,1.4719,168.03599999999997,10,0,0
FC(=C(F)OC(F)(F)C(F)(F)C(F)(F)F)F,3.8284999999999996,266.03399999999993,16,0,3
CCCCCCCCC(=O)N(CCO)CCO,1.5501999999999998,245.36299999999997,17,0,11
CCCCCCCCCCCCCCCCCC(=O)N(CCO)CCO,5.061100000000006,371.6060000000001,26,0,20
CCCCCCCCCCCCCC(=O)N(CCO)CCO,3.5007000000000024,315.498,22,0,16
CCCCCCCCCCCCCCCC(=O)N(CCO)CCO,4.280900000000004,343.5520000000001,24,0,18
CCCCCCCCCC(=O)N(CCO)CCO,1.9403000000000001,259.38999999999993,18,0,12
CCCCCCCC(=O)N(CCO)CCO,1.1601000000000001,231.33599999999996,16,0,10
CCCCCCCCCCCC(=O)N(CCO)CCO,2.720500000000001,287.444,20,0,14
CC(O)CN(CC(C)O)CC(C)O,-0.5691999999999999,191.271,13,0,6
CCCCCCCCN(CCCCCCCC)CCCCCCCC,8.369900000000007,353.6790000000002,25,0,21
CCCCCNCCCCC,2.9564000000000012,157.301,11,0,8
CCCCNCC,1.396,101.19299999999998,7,0,4
CCCCCCCCCCCCN(C)C,4.468900000000004,213.40899999999996,15,0,11
CCCCCCCCCCCCCCCCCCN(C)C,6.809500000000008,297.5709999999999,21,0,17
OC(=O)CN(CCN(CC(=O)O)CC(=O)O)CC(=O)O,-2.0711999999999957,292.244,20,0,11
CCCCCCO,1.559,102.17699999999999,7,0,4
CCCNCCC,1.396,101.193,7,0,4
CCCCCCCCCCCCCCCCCC(=O)NCO,5.313900000000006,313.52599999999995,22,0,17
CCC#CCCO,0.7822,98.14499999999998,7,0,1
CCCCO,0.7787999999999999,74.12299999999999,5,0,2
CCCO,0.3887,60.096,4,0,1
CC(O)COCC(C)O,-0.2354,134.175,9,0,4
COC(C)(C)CCO,0.7938000000000001,118.17599999999999,8,0,3
CC(=CCC\C(=C\CO)\C)C,2.671400000000001,154.253,11,0,4
CCl,0.855,50.488,2,0,0
CBr,1.0110999999999999,94.939,2,0,0
ClC=CCl,1.9352,96.94400000000002,4,0,0
Sc1ccccc1,1.9752999999999996,110.18099999999997,7,1,0
Sc1cccc2ccccc12,3.1285000000000016,160.24099999999999,11,2,0
CC1(C)CC(CC(C)(CN=C=O)C1)N=C=O,2.2430000000000003,222.28799999999995,16,0,3
O=C=NC1CCC(CC2CCC(CC2)N=C=O)CC1,3.165700000000002,262.35299999999995,19,0,4
O=C=Nc1ccc(Cc2ccc(cc2)N=C=O)cc1,3.2120000000000015,250.257,19,2,4
CC(C)CC(C)(N=NC(C)(CC(C)C)C#N)C#N,4.095360000000004,248.374,18,0,6
CCN(CC)C(=O)c1cccc(C)c1,2.4770200000000004,191.274,14,1,3
CC(C)(c1ccc(OC#N)cc1)c2ccc(OC#N)cc2,3.732260000000003,278.311,21,2,4
ClCc1ccc(Cl)cc1,3.078800000000002,161.031,9,1,1
Clc1cc(Cl)cc(Cl)c1,3.6468000000000007,181.449,9,1,0
Clc1ccccc1,2.34,112.55899999999997,7,1,0
Clc1ccc(Cl)c(Cl)c1,3.6468000000000007,181.449,9,1,0
FC(F)(F)c1cccc(Cl)c1,3.3588000000000005,180.55599999999998,11,1,0
Clc1cccc(Cl)c1C=O,2.805900000000001,175.01399999999998,10,1,1
Clc1cnc(Cl)c(Cl)c1,3.0418000000000003,182.437,9,1,0
CC(=O)c1ccccc1Cl,2.542600000000001,154.59599999999995,10,1,1
Clc1ccc(cc1Cl)N=C=O,2.960700000000001,188.01299999999998,11,1,1
N#Cc1cccc(c1)C#N,1.4299600000000001,128.13399999999996,10,1,0
Cn1cccc1,1.0251,81.118,6,1,0
CN(C)c1ccc(cc1)C(=O)c2ccc(cc2)N(C)C,3.0496000000000016,268.35999999999996,20,2,4
CCCCCCCCc1cccc(Nc2cccc(CCCCCCCC)c2)c1,9.2362,393.6590000000004,29,2,16
CCCl,1.2451,64.515,3,0,0
CC(=C)C=C,1.7485,68.11900000000001,5,0,1
CC1CCC(CC1)C(=C)C,3.3888000000000025,138.254,10,0,1
CC(CCC=C(C)C)C=C,3.5549000000000026,138.25399999999996,10,0,4
ClCC(Cl)Cl,2.0289,133.405,5,0,1
CC(=C)CCl,1.8013,90.553,5,0,1
CC(O)C(=O)C,-0.04380000000000012,88.106,6,0,1
CC(=O)CO,-0.43229999999999996,74.079,5,0,1
CCC(=O)C,0.9854,72.107,5,0,1
CCC(=O)CC(=O)CC,1.3347,128.171,9,0,4
CC(=O)CC(=O)c1ccccc1,1.8484,162.188,12,1,3
CC(O)CC(C)O,0.1381,104.14899999999999,7,0,2
OCNC(=O)C=C,-0.7616,101.10499999999999,7,0,2
CC(N)c1ccccc1,1.7063000000000001,121.18299999999995,9,1,1
CCC(C)N,0.7436,73.13900000000001,5,0,1
CC(C)(NNC(C)(C)C#N)C#N,0.6849599999999999,166.22799999999998,12,0,3
OCc1ccc(Cl)cc1Cl,2.4857000000000005,177.03,10,1,1
C1CN(CCO1)Sc2nc3ccccc3s2,2.635600000000001,252.364,16,2,2
CCC,1.4163,44.096999999999994,3,0,0
Oc1cccc(Cc2ccccc2O)c1,2.6886,200.23700000000002,15,2,2
CC(c1ccccc1)c2ccccc2O,3.544000000000002,198.265,15,2,2
Oc1ccccc1c2ccccc2,3.0592000000000015,170.211,13,2,1
Oc1ccc2ccccc2c1C=O,2.3579,172.18299999999996,13,2,1
OC(=O)c1cc2ccccc2cc1O,2.2436000000000003,188.182,14,2,1
Cc1cc(O)c(C)c(C)c1O,2.0230600000000005,152.19299999999998,11,1,0
CC(c1ccccc1)c2cc(C(C)c3ccccc3)c(cc2O)C(C)c4ccccc4,7.847600000000008,406.56900000000013,31,4,6
CCC(C)c1cccc(C(C)CC)c1O,4.4192000000000045,206.32899999999995,15,1,4
CC(c1ccccc1)c2ccc(O)cc2,3.5440000000000023,198.265,15,2,2
Cc1ccccc1O,1.70062,108.13999999999999,8,1,0
Oc1ccc(cc1)c2ccccc2,3.0592000000000015,170.211,13,2,1
O=Cc1cccc(Oc2ccccc2)c1,3.291400000000001,198.221,15,2,3
OC(=O)c1cccc(O)c1,1.0903999999999998,138.12199999999999,10,1,1
Brc1ccc(Oc2cc(Br)c(Br)c(Br)c2Br)cc1Br,8.053900000000002,643.587,19,2,2
Cc1ccc(Cl)cc1O,2.3540200000000007,142.585,9,1,0
CC(C)(C)c1ccccc1O,2.6897000000000015,150.22099999999998,11,1,0
Cc1ccc(O)cc1Cl,2.3540200000000002,142.58499999999998,9,1,0
COc1ccccc1C(=O)O,1.3934,152.14899999999997,11,1,2
OC(c1ccccc1)c2ccccc2,2.768300000000001,184.238,14,2,2
CCC(C)c1cc(c(O)c(c1)C(C)(C)C)C(C)(C)C,5.5007000000000055,262.43699999999995,19,1,2
CCc1ccc2C(=O)c3ccccc3C(=O)c2c1,3.0244000000000018,236.26999999999998,18,2,1
Cc1cc(c(O)c(c1)C(C)(C)C)C(C)(C)C,4.295620000000003,220.35599999999997,16,1,0
O=P(Oc1ccccc1)(Oc2ccccc2)Oc3ccccc3c4ccccc4,6.998500000000004,402.3860000000001,29,4,7
CC(C)(C)c1ccc(O)cc1,2.689700000000001,150.22099999999998,11,1,0
CCN(CC)c1ccc2c(Oc3cc(ccc3C24OC(=O)c5ccccc45)N(CC)CC)c1,5.947000000000006,442.5590000000002,33,3,6
CC1=NN(C(=O)C1)c2ccccc2,1.7992,174.203,13,1,1
CC(Br)C(=O)NC1=C(C)N(C)N(C1=O)c2ccccc2,2.20632,338.20500000000004,20,2,3
Cc1ccc(c(O)c1)N(=O)=O,1.6088199999999997,153.137,11,1,1
Nc1n[nH]c(S)n1,-0.3244,116.14899999999999,7,1,0
Nc1ccc(Nc2ccccc2)cc1,3.0124000000000013,184.24200000000002,14,2,2
N(c1ccc(Nc2ccc3ccccc3c2)cc1)c4ccc5ccccc5c4,7.480200000000004,360.4600000000001,28,5,4
O(c1ccccc1)c2nc(Oc3ccccc3)nc(Oc4ccccc4)n2,5.2485000000000035,357.3690000000001,27,4,6
Clc1ccc(C(=O)OOC(=O)c2ccc(Cl)cc2Cl)c(Cl)c1,5.229000000000001,380.0100000000001,22,2,2
O=Nc1ccc(Nc2ccccc2)cc1,3.828100000000002,198.22500000000002,15,2,3
Clc1ccc(C=C)cc1,2.9830000000000014,138.59699999999998,9,1,1
Clc1cccc(C=C)c1,2.9830000000000014,138.59699999999998,9,1,1
C=Cc1ccccc1,2.3296,104.15199999999997,8,1,1
C=Cc1cccc(C=C)c1,2.9726000000000017,130.19,10,1,2
Clc1ccccc1C=C,2.9830000000000005,138.59699999999995,9,1,1
Brc1ccccc1,2.4491000000000005,157.01,7,1,0
Brc1c(Br)c(Br)c(Br)c(Br)c1Br,6.261600000000001,551.49,12,1,0
C[Si](C)(C)N[Si](C)(C)C,2.2458,161.397,9,0,2
CNC(=O)CC(=O)C,-0.2885,115.13199999999999,8,0,2
CNC(=O)C,-0.24770000000000003,73.095,5,0,0
CCNC(=O)C,0.14239999999999992,87.12199999999999,6,0,1
OC(=O)CCCCCCCCCCCCCCC(=O)O,4.6170000000000035,286.4119999999999,20,0,15
OC(=O)C1CCCCC1C2CCCCC2C(=O)O,2.7684000000000006,254.32599999999996,18,0,3
CCCCCCCC(=O)O,2.4314999999999998,144.214,10,0,6
CCCCCCCCCC(=O)O,3.2117000000000013,172.268,12,0,8
CCCCCCCCC(=O)O,2.821600000000001,158.241,11,0,7
CCCCCCCCCCC(=O)O,3.6018000000000017,186.295,13,0,9
NCCCCCCCCCCCC(=O)O,2.9307000000000007,215.33699999999996,15,0,11
CCCCCCC(=O)O,2.0414,130.187,9,0,5
OCCCCCO,0.14130000000000004,104.149,7,0,4
CCCCCC(=O)O,1.6513,116.15999999999998,8,0,4
CCCCC(=O)O,1.2612,102.13299999999998,7,0,3
OC(=O)[C@@H]1CC=CC[C@@H]1C(=O)O,0.738,170.164,12,0,2
OC(=O)C1CC=CCC1C(=O)O,0.738,170.164,12,0,2
OCCOCCO,-1.0124,106.121,7,0,4
CCCC(=O)O,0.8711,88.10599999999998,6,0,2
NCCNCCNCCNCCNCCN,-2.7377999999999965,232.37599999999998,16,0,13
NCCCCCCCCN,1.2444000000000002,144.262,10,0,7
NCc1cccc(CN)c1,0.604,136.198,10,1,2
CCc1cccc(C=C)c1,2.8920000000000012,132.206,10,1,2
CCc1ccc(C=C)cc1,2.8920000000000012,132.206,10,1,2
CCc1cccc(c1)c2ccccc2,3.916000000000002,182.266,14,2,2
CCc1ccc(cc1)c2cccc(CC)c2,4.478400000000003,210.31999999999996,16,2,3
CCc1cccc(c1)c2cc(CC)cc(CC)c2,5.0408000000000035,238.37399999999994,18,2,4
COC(=O)C(C)Cl,0.7866999999999998,122.551,7,0,1
COC(=O)CCl,0.3981999999999999,108.52400000000002,6,0,1
COC(=O)\C=C\C(=O)OC,-0.11140000000000017,144.12599999999998,10,0,2
ClCC(=O)OC=C,0.9118999999999999,120.53499999999998,7,0,2
CCN(CC)CC,1.3481,101.193,7,0,3
Cl[C@@H]1[C@H](Cl)[C@@H](Cl)[C@H](Cl)[C@@H](Cl)[C@@H]1Cl,3.644400000000001,290.832,12,0,0
FC(F)(F)c1ccccc1,2.705400000000001,146.111,10,1,0
ClCS(=O)(=O)Nc1cc(Cl)c(Cl)c(Cl)c1Oc2cccc(Cl)c2,6.030500000000001,435.5430000000001,23,2,5
ClC1=C(Cl)C(=O)c2ccccc2C1=O,2.7548000000000012,227.046,14,1,0
Cc1ccc2Nc3cc4C(=O)c5cc(C)ccc5Nc4cc3C(=O)c2c1,4.292840000000003,340.3820000000001,26,5,0
CCCCCCCCCc1ccc(OCCOCCOCCOCCOCCOCCOS(=O)(=O)O)cc1,4.260900000000003,564.7380000000005,38,1,28
Cc1cc(Br)c(Br)c(OCC2CO2)c1,3.297620000000002,321.9960000000001,14,1,3
OC(=O)c1cccc(Cl)c1,2.0382,156.56799999999998,10,1,1
OC(=O)c1ccccc1I,1.9894,248.01899999999995,10,1,1
O=Cc1ccc(C=O)cc1,1.3115999999999999,134.134,10,1,2
O=C(CC(=O)c1ccccc1)c2ccccc2,3.1423000000000014,224.25900000000001,17,2,4
C1N2CN3CN(CN1C3)C2,-1.0197999999999992,140.19,10,0,0
CCN1CN(CC)CN(CC)C1,0.8382000000000003,171.28799999999995,12,0,3
CN(C)CCCN(CCCN(C)C)CCCN(C)C,1.1435000000000017,272.48099999999994,19,0,12
Nc1cc(ccc1Cl)C(=O)O,1.6204,171.583,11,1,1
CC1(C)[C@H]2CC[C@]1(C)[C@H](O)C2,2.1935000000000002,154.253,11,0,0
CC(C)[C@@H]1CC[C@@H](C)C[C@H]1O,2.439500000000001,156.269,11,0,1
CCCc1ccccc1,2.639100000000001,120.19499999999995,9,1,2
OC(=O)Cc1ccccc1,1.3137,136.14999999999998,10,1,2
CC(=O)Nc1ccc(O)cc1,1.3505999999999998,151.165,11,1,1
CCCCc1ccccc1,3.0292000000000012,134.22199999999998,10,1,3
Cc1ccc(O)cc1,1.7006199999999998,108.13999999999999,8,1,0
OCCCl,0.21749999999999997,80.51400000000001,4,0,1
CC(C)CC(C)O,1.4133,102.17699999999998,7,0,2
CC(C)OC(=O)C,0.9579,102.133,7,0,1
Cc1ccnc(C)c1,1.69844,107.15599999999999,8,1,0
Oc1cc(O)cc(O)c1,0.8033999999999999,126.11099999999996,9,1,0
CC(C)CC(C)OC(=O)C,1.9841,144.21399999999997,10,0,3
CC(C)COC(=O)C,1.2055,116.15999999999998,8,0,2
CCCCCCC(=O)C,2.5458000000000007,128.21499999999997,9,0,5
CCCCN(CC)C(=O)SCCC,3.3716000000000026,203.35099999999997,13,0,6
OCCN(CCO)N=O,-1.0456,134.135,9,0,5
CCSC(=O)N(CC)C1CCCCC1,3.5141000000000027,215.36199999999994,14,0,3
COc1cc(\C=C\C(=O)O)ccc1O,1.4986,194.186,14,1,3
CCOC(=O)c1ccccc1O,1.5688999999999997,166.176,12,1,2
Nc1ccccc1C(=O)O,0.9670000000000001,137.138,10,1,1
Oc1ccc(Cl)cc1Cc2ccccc2,3.6364000000000027,218.68300000000002,15,2,2
CCOC(=O)c1ccc(O)cc1,1.5689,166.176,12,1,2
COc1cc(ccc1O)C(=O)O,1.099,168.14799999999997,12,1,2
CCCCCCCCCCCCc1ccccc1,6.150000000000007,246.438,18,1,11
CC(C)CCO,1.0248,88.14999999999999,6,0,2
CCCCOC(=O)C,1.3496000000000001,116.15999999999998,8,0,3
ClC(Br)Br,2.2986000000000004,208.28,4,0,0
Nc1cc(Cl)cc(C(=O)O)c1Cl,2.2738,206.028,12,1,1
CC(C)Nc1nc(Cl)nc(NC(C)C)n1,2.1655999999999995,229.71500000000003,15,1,4
OC(=O)CC(=O)O,-0.4543,104.06099999999999,7,0,2
Nc1cccc(N)n1,0.24599999999999989,109.13200000000002,8,1,0
CCCCCCCCCCCCOS(=O)(=O)O,3.726700000000002,266.40299999999996,17,0,12
CCCCCCCCCCCCS(=O)(=O)O,3.7951000000000024,250.40399999999997,16,0,11
CN(C)C(=O)Nc1ccc(C)c(Cl)c1,2.7419200000000012,212.67999999999998,14,1,1
OC1=CC=CNC1=O,0.08049999999999996,111.1,8,1,0
Oc1c(Br)cc(cc1Br)C#N,2.78888,276.915,11,1,0
CCCCCCCC(=O)Oc1c(Br)cc(cc1Br)C#N,5.349180000000004,403.11400000000003,20,1,7
Clc1cc2Oc3cc(Cl)c(Cl)cc3Oc2cc1Cl,6.198200000000001,321.97400000000005,18,2,0
CCCCCCCCCCCCOS(=O)(=O)c1ccccc1,5.3128000000000055,326.502,22,1,13
CCCN(CCC)c1c(cc(cc1[N+](=O)[O-])S(=O)(=O)N)[N+](=O)[O-],1.7768,346.3650000000001,23,1,8
CN(C)C(=O)Nc1ccc(Oc2ccc(Cl)cc2)cc1,4.225800000000003,290.75,20,2,3
NC(=O)c1c(Cl)cccc1Cl,2.0923,190.029,11,1,1
CNC(=O)Oc1ccc(N(C)C)c(C)c1,1.77922,208.26099999999997,15,1,2
Clc1ccc(cc1)c2ccccc2,4.007000000000002,188.657,13,2,1
c1ccc2c(c1)c3cccc4cccc2c34,4.487200000000002,202.25599999999997,16,3,0
c1ccc2cc3c(cc2c1)c4cccc5cccc3c45,5.640400000000003,252.31599999999997,20,4,0
CCC(O)OC(O)CC,0.4598,134.17499999999998,9,0,4
CC(C)CCCCCCCO,2.975300000000002,158.285,11,0,7
COP(=O)(NC(=O)C)SC,1.2399999999999998,183.16899999999998,10,0,3
Clc1ccc(Cl)c(c1)c2cc(Cl)ccc2Cl,5.967200000000002,291.9920000000001,16,2,1
Brc1ccc(c(Br)c1Br)c2ccc(Br)c(Br)c2Br,7.928600000000003,627.588,18,2,1
Oc1ccccc1F,1.5312999999999999,112.103,8,1,0
OC(=O)C1CC(C(C1C(=O)O)C(=O)O)C(=O)O,-0.8067,246.171,17,0,4
Nc1cccnc1N,0.2460000000000001,109.13200000000002,8,1,0
OC(=O)c1cccc(Cl)n1,1.4332,157.55599999999998,10,1,1
CCCN(CCC)c1c(cc(cc1[N+](=O)[O-])S(=O)(=O)C)[N+](=O)[O-],2.5329000000000006,345.3770000000001,23,1,8
OC(=O)c1ccnc(c1)C(=O)O,0.478,167.11999999999998,12,1,2
OC(=O)c1c(Cl)cccc1Cl,2.691600000000001,191.013,11,1,1
OC(=O)c1cc(Cl)ccc1Cl,2.691600000000001,191.013,11,1,1
COC(=O)C(C)Oc1ccc(Oc2ccc(Cl)cc2Cl)cc1,4.7260000000000035,341.19000000000005,22,2,5
CC1=C(SCCO1)C(=O)Nc2ccccc2,2.620000000000001,235.30800000000002,16,1,2
Nc1c(Cl)c(Cl)c(Cl)c(Cl)c1Cl,4.5358,265.35400000000004,12,1,0
Oc1ccccc1I,1.9968,220.009,8,1,0
Oc1ccc(I)cc1,1.9968,220.00900000000001,8,1,0
BrC=CBr,2.2474,185.84599999999998,4,0,0
CCN(CC)N=O,1.0095999999999998,102.137,7,0,3
CCCCN(C)C(=O)Nc1ccc(Cl)c(Cl)c1,4.257200000000004,275.179,17,1,4
Cc1ccc2cc3c(ccc4ccccc34)c5CCc1c25,5.553220000000004,268.359,21,4,0
N[C@@H](CC(=O)O)C(=O)O,-1.127,133.10299999999998,9,0,3
COc1c(O)cc(Cl)c(Cl)c1Cl,3.3610000000000007,227.474,12,1,1
COCC(=O)N(C(C)C(=O)OC)c1c(C)cccc1C,1.8443399999999999,279.336,20,1,5
OC(=O)c1cccnc1,0.7797999999999999,123.11099999999998,9,1,1
CN1C=C(C(=O)C(=C1)c2cccc(c2)C(F)(F)F)c3ccccc3,4.738100000000004,329.321,24,3,2
CCCC(C)O,1.1673,88.14999999999999,6,0,2
CN(C)N=O,0.22939999999999994,74.083,5,0,1
CCCN(CCC)N=O,1.7898,130.191,9,0,5
OC(=O)\C=C\c1ccccc1,1.7844,148.161,11,1,2
Nc1cc(Cl)cc(Cl)c1,2.5756000000000006,162.019,9,1,0
N[C@@H](Cc1ccccc1)C(=O)O,0.641,165.19199999999995,12,1,3
CCCCCCCCC(=O)C,3.3260000000000023,156.269,11,0,7
CN,-0.4251,31.058,2,0,0
OC(=O)\C=C\c1ccc(O)cc1,1.49,164.16,12,1,2
ClC(Cl)Br,2.1425,163.829,4,0,0
CC(Cl)Cl,1.81,98.96000000000001,4,0,0
CCC(C)(C)O,1.1673,88.14999999999998,6,0,1
CCOC(=O)c1cccc(O)c1,1.5689,166.176,12,1,2
CCCCSP(=O)(SCCCC)SCCCC,6.694400000000005,314.5220000000001,17,0,12
CC(=O)C=C,0.7614,70.09100000000001,5,0,1
OS(=O)(=O)c1cccc2c(cccc12)S(=O)(=O)O,1.3332000000000002,288.302,18,2,2
OS(=O)(=O)c1cccc2C(=O)c3ccccc3C(=O)c12,1.7087,288.28000000000003,20,2,1
CCCCOC(=O)COC(=O)c1ccccc1C(=O)OCCCC,3.143600000000002,336.3840000000002,24,1,10
Nc1ccccc1S(=O)(=O)O,0.5155000000000001,173.19299999999998,11,1,1
CCNc1nc(NC(C)(C)C)nc(SC)n1,2.2356999999999996,241.364,16,1,4
OC(=O)c1cccnc1C(=O)O,0.478,167.11999999999998,12,1,2
CCC(=O)CC,1.3755,86.134,6,0,2
OC(=O)c1ccccn1,0.7797999999999999,123.11099999999998,9,1,1
Nc1c(Cl)cc(cc1Cl)[N+](=O)[O-],2.4838000000000005,207.01599999999996,12,1,1
OC(=O)c1cc(cc(c1)N(=O)=O)N(=O)=O,1.2011999999999998,212.11699999999996,15,1,3
OC(=O)c1ccc(O)c(O)c1,0.7959999999999998,154.12099999999998,11,1,1
CC(=O)c1ccc(O)cc1,1.5948,136.14999999999998,10,1,1
CC34CCC1C(CCc2cc(O)ccc12)C3CCC4(O)C#C,3.6126000000000023,296.41,22,1,0
Fc1c[nH]c(=O)[nH]c1=O,-0.7977000000000001,130.078,9,1,0
c1cc(OCC)cc(O)c1C(O)=O,1.4890999999999999,182.17499999999998,13,1,3
CN(C)CCC=C1c2ccccc2CCc2ccccc12,4.168600000000003,277.411,21,2,3
c1cccc(C(N)CONC2C3N(C2=O)C(C(O)=O)C(C)(C)S3)c1,0.7230999999999999,351.4280000000001,24,1,6
C1(O)C(O)C(O)C(OP(=O)(NCCCl)NCCCl)OC1CO,-1.4322000000000001,383.16500000000013,22,0,9
C1(O)C(O)OC(OP(=O)(NCCCl)NCCCl)C(O)C1O,-1.4747000000000001,369.13800000000003,21,0,8
CN1C(=O)N(C)c2ncn(C)c2C1(=O),-1.029300000000001,194.19399999999996,14,2,0
CN(C)CCn1nnnc1SCC2=C(N4C(SC2)C(NC(=O)Cc3csc(N)n3)C4=O)C(O)=O,-0.6531999999999973,525.6420000000003,34,2,10
Clc1ccc(NC(=N)NC(=N)CCCCCCNC(=N)NC(=N)c2ccc(Cl)cc2)cc1,4.996980000000003,475.428,32,2,9
OC(=O)c4cn(C1CC1)c3cc(N2CCNCC2)c(F)cc3c4=O,1.5833,331.34700000000004,24,2,3
c1c(Cl)ccc(OC(C)(C)C(OCC)=O)c1,3.060500000000001,242.70199999999994,16,1,4
c1c(Cl)ccc(OC(C)(C)C(O)=O)c1,2.582,214.64799999999997,14,1,3
COc1ccc2CC5C3C=CC(O)C4Oc1c2C34CCN5C,1.5011,299.37000000000006,22,1,1
P1(=O)(N(CCCl)CCCl)NCCCO1,1.884,261.089,14,0,5
Nc2ccn(C1OC(CO)C(O)C1O)c(=O)n2,-2.563,243.21900000000002,17,1,2
c1ccccc1CC(c2ccccc2)(C(C)CN(C)C)OC(=O)CC,4.275500000000004,339.47900000000016,25,2,8
O=C2CN1C3CC(CC1CC2C3)OC(=O)c4c[nH]c5ccccc45,2.519000000000001,324.38,24,2,2
CNC(C)C(O)c1ccccc1,1.3278999999999999,165.236,12,1,3
CCC1OC(=O)C(C)C(OC2CC(C)(OC)C(O)C(C)O2)C(C)C(OC2OC(C)CC(N(C)C)C2O)C(C)(O)CC(C)C(=O)C(C)C(O)C1(C)O,1.785600000000004,733.9370000000002,51,0,7
CC(C)(C(O)=O)c1ccc(cc1)C(O)CCCN2CCC(CC2)C(O)(c3ccccc3)c4ccccc4,5.510500000000007,501.66700000000026,37,3,10
Nc2ccn(C1OC(CO)C(O)C1(F)F)c(=O)n2,-1.2886,263.2,18,1,2
CC(C)Cc1ccc(C(C)C(=O)O)cc1,3.073200000000001,206.28499999999997,15,1,4
P1(=O)(NCCCl)N(CCCl)CCCO1,1.8840000000000001,261.08899999999994,14,0,5
c1(N(C(=O)C)CC(O)CO)c(I)c(C(=O)NCC(O)CO)c(I)c(C(=O)NCC(O)CO)c1I,-1.6274999999999986,821.1410000000001,34,1,12
c1(I)c(NC(=O)COC)c(I)c(C(=O)NCC(O)CO)c(I)c1C(=O)N(C)CC(O)CO,-0.4065000000000002,791.115,32,1,11
CN(C(=O)CC(=O)N(C)c1c(I)c(C(=O)NC(CO)C(O)CO)c(I)c(C(=O)NC(CO)C(O)CO)c1I)c2c(I)c(C(=O)NC(CO)C(O)CO)c(I)c(C(=O)NC(CO)C(O)CO)c2I,-3.894299999999989,1626.2390000000007,67,2,24
NC(=O)OCC(C)(CCC)COC(=O)N,0.9834,218.25299999999996,15,0,6
CC(O)C2C1C(C)C(=C(N1C2=O)C(O)=O)SC3CNC(C3)C(=O)N(C)C,-0.30799999999999805,383.47000000000014,26,0,5
CN(C)C(=N)NC(N)=N,-1.034159999999999,129.167,9,0,0
CN(Cc2cnc1nc(N)nc(N)c1n2)c3ccc(cc3)C(=O)NC(CCC(O)=O)C(O)=O,0.2684000000000003,454.44700000000023,33,3,9
CC(N)(Cc1ccc(O)c(O)c1)C(O)=O,0.4423000000000001,211.21699999999998,15,1,3
Cc1ncc(N(=O)=O)n1CCO,0.09201999999999994,171.15599999999998,12,1,3
OCCNCCNc2ccc(NCCNCCO)c3C(=O)c1c(O)ccc(O)c1C(=O)c23,-0.1392,444.4880000000002,32,2,12
COc2ccc1cc(ccc1c2)C(C)C(O)=O,3.036500000000001,230.26299999999998,17,2,3
c1(C(N)=O)cccnc1,0.18050000000000038,122.12699999999997,9,1,1
CC2COc3c(N1CCN(C)CC1)c(F)cc4c(=O)c(cn2c34)C(O)=O,1.544,361.37300000000005,26,2,2
CCCCCCCCCCCC(CC1OC(=O)C1CCCCCC)OC(=O)C(CC(C)C)NC=O,6.881900000000007,495.7450000000004,35,0,23
O=C(N)C1=C(O)C(N(C)C)C2C(O)(C(O)=C3C(C(O)(C)c4c(c(O)ccc4)C3=O)C2O)C1=O,-1.2435999999999983,460.4390000000002,33,1,2
c1ccccc1CC(=O)NC1C2SC(C)(C)C(C(=O)O)N2C1=O,0.8608,334.3970000000001,23,1,4
c1(C(O)C(N)C)ccccc1,1.0672000000000001,151.209,11,1,2
OCc1cc(ccc1O)C(O)CNCCCCCCOCCCCc2ccccc2,4.107400000000004,415.5740000000002,30,2,16
CC(C)(C)NC(=O)C2CC1CCCCC1CN2CC(O)C(Cc3ccccc3)NC(=O)C(CC(N)=O)NC(=O)c5ccc4ccccc4n5,3.092400000000003,670.855,49,3,12
Nc1ccc(cc1)S(=O)(=O)NC(=O)c2ccccc2,1.3875,276.317,19,2,3
Nc1ccc(cc1)S(=O)(=O)Nc2ncccn2,0.8596000000000001,250.28300000000002,17,2,3
COc2cnc(NS(=O)(=O)c1ccc(N)cc1)nc2,0.8681999999999999,280.30899999999997,19,2,4
Nc1ccc(S(=O)(=O)NC2=NOC(C)=C2)cc1,1.36602,253.28300000000002,17,2,3
OC(=O)c3cc(N=Nc1ccc(cc1)S(=O)(=O)Nc2ccccn2)ccc3O,3.7016000000000013,398.4000000000001,28,3,6
CN(C)C1C2CC3C(=C(O)C2(O)C(=O)C(C(N)=O)=C1O)C(=O)c1c(O)cccc1C3(C)O,-0.2143999999999992,444.44000000000017,32,1,2
N1C(=O)N(C)c2ncn(C)c2C1(=O),-1.039700000000001,180.16699999999997,13,2,0
N1(C)C(=O)N(C)C2=C(C1=O)NC=N2,-1.0397000000000005,180.167,13,2,0
OP(O)(=O)C(Sc1ccc(Cl)cc1)P(O)(O)=O,2.0711000000000013,318.61100000000005,17,1,4
CCCCNC(=O)NS(=O)(=O)c1ccc(C)cc1,1.78302,270.354,18,1,5
CS(=O)(=O)OCC(O)C(O)COS(=O)(=O)C,-2.3393999999999986,278.30400000000003,16,0,7
CCC9(O)CC3CN(CCc1c([nH]c2ccccc12)C(C3)(C(=O)OC)c4cc5c(cc4OC)N(C)C6C(O)(C(OC(C)=O)C7(CC)C=CCN8CCC56C78)C(=O)OC)C9,3.9909000000000034,810.9889999999999,59,3,7
CCC9(O)CC3CN(CCc1c([nH]c2ccccc12)C(C3)(C(=O)OC)c4cc5c(cc4OC)N(C=O)C6C(O)(C(OC(C)=O)C7(CC)C=CCN8CCC56C78)C(=O)OC)C9,3.5175000000000036,824.972,60,3,8
CCC9(O)CC3CN(CCc1c([nH]c2ccccc12)C(C3)(C(=O)OC)c4cc5c(cc4OC)N(C)C6C(O)(C(O)C7(CC)C=CCN8CCC56C78)C(N)=O)C9,2.732400000000002,753.9409999999999,55,3,6
